Is_Hidden	|	PokemonId	|	AbilityId
0	|	1	|	Overgrow
1	|	1	|	Chlorophyll
0	|	2	|	Overgrow
1	|	2	|	Chlorophyll
0	|	3	|	Overgrow
1	|	3	|	Chlorophyll
0	|	4	|	Blaze
1	|	4	|	Solar-Power
0	|	5	|	Blaze
1	|	5	|	Solar-Power
0	|	6	|	Blaze
1	|	6	|	Solar-Power
0	|	7	|	Torrent
1	|	7	|	Rain-Dish
0	|	8	|	Torrent
1	|	8	|	Rain-Dish
0	|	9	|	Torrent
1	|	9	|	Rain-Dish
0	|	10	|	Shield-Dust
1	|	10	|	Run-Away
0	|	11	|	Shed-Skin
0	|	12	|	Compound-Eyes
1	|	12	|	Tinted-Lens
0	|	13	|	Shield-Dust
1	|	13	|	Run-Away
0	|	14	|	Shed-Skin
0	|	15	|	Swarm
1	|	15	|	Sniper
0	|	16	|	Keen-Eye
0	|	16	|	Tangled-Feet
1	|	16	|	Big-Pecks
0	|	17	|	Keen-Eye
0	|	17	|	Tangled-Feet
1	|	17	|	Big-Pecks
0	|	18	|	Keen-Eye
0	|	18	|	Tangled-Feet
1	|	18	|	Big-Pecks
0	|	19	|	Run-Away
0	|	19	|	Guts
1	|	19	|	Hustle
0	|	20	|	Run-Away
0	|	20	|	Guts
1	|	20	|	Hustle
0	|	21	|	Keen-Eye
1	|	21	|	Sniper
0	|	22	|	Keen-Eye
1	|	22	|	Sniper
0	|	23	|	Intimidate
0	|	23	|	Shed-Skin
1	|	23	|	Unnerve
0	|	24	|	Intimidate
0	|	24	|	Shed-Skin
1	|	24	|	Unnerve
0	|	25	|	Static
1	|	25	|	Lightning-Rod
0	|	26	|	Static
1	|	26	|	Lightning-Rod
0	|	27	|	Sand-Veil
1	|	27	|	Sand-Rush
0	|	28	|	Sand-Veil
1	|	28	|	Sand-Rush
0	|	29	|	Poison-Point
0	|	29	|	Rivalry
1	|	29	|	Hustle
0	|	30	|	Poison-Point
0	|	30	|	Rivalry
1	|	30	|	Hustle
0	|	31	|	Poison-Point
0	|	31	|	Rivalry
1	|	31	|	Sheer-Force
0	|	32	|	Poison-Point
0	|	32	|	Rivalry
1	|	32	|	Hustle
0	|	33	|	Poison-Point
0	|	33	|	Rivalry
1	|	33	|	Hustle
0	|	34	|	Poison-Point
0	|	34	|	Rivalry
1	|	34	|	Sheer-Force
0	|	35	|	Cute-Charm
0	|	35	|	Magic-Guard
1	|	35	|	Friend-Guard
0	|	36	|	Cute-Charm
0	|	36	|	Magic-Guard
1	|	36	|	Unaware
0	|	37	|	Flash-Fire
1	|	37	|	Drought
0	|	38	|	Flash-Fire
1	|	38	|	Drought
0	|	39	|	Cute-Charm
0	|	39	|	Competitive
1	|	39	|	Friend-Guard
0	|	40	|	Cute-Charm
0	|	40	|	Competitive
1	|	40	|	Frisk
0	|	41	|	Inner-Focus
1	|	41	|	Infiltrator
0	|	42	|	Inner-Focus
1	|	42	|	Infiltrator
0	|	43	|	Chlorophyll
1	|	43	|	Run-Away
0	|	44	|	Chlorophyll
1	|	44	|	Stench
0	|	45	|	Chlorophyll
1	|	45	|	Effect-Spore
0	|	46	|	Effect-Spore
0	|	46	|	Dry-Skin
1	|	46	|	Damp
0	|	47	|	Effect-Spore
0	|	47	|	Dry-Skin
1	|	47	|	Damp
0	|	48	|	Compound-Eyes
0	|	48	|	Tinted-Lens
1	|	48	|	Run-Away
0	|	49	|	Shield-Dust
0	|	49	|	Tinted-Lens
1	|	49	|	Wonder-Skin
0	|	50	|	Sand-Veil
0	|	50	|	Arena-Trap
1	|	50	|	Sand-Force
0	|	51	|	Sand-Veil
0	|	51	|	Arena-Trap
1	|	51	|	Sand-Force
0	|	52	|	Pickup
0	|	52	|	Technician
1	|	52	|	Unnerve
0	|	53	|	Limber
0	|	53	|	Technician
1	|	53	|	Unnerve
0	|	54	|	Damp
0	|	54	|	Cloud-Nine
1	|	54	|	Swift-Swim
0	|	55	|	Damp
0	|	55	|	Cloud-Nine
1	|	55	|	Swift-Swim
0	|	56	|	Vital-Spirit
0	|	56	|	Anger-Point
1	|	56	|	Defiant
0	|	57	|	Vital-Spirit
0	|	57	|	Anger-Point
1	|	57	|	Defiant
0	|	58	|	Intimidate
0	|	58	|	Flash-Fire
1	|	58	|	Justified
0	|	59	|	Intimidate
0	|	59	|	Flash-Fire
1	|	59	|	Justified
0	|	60	|	Water-Absorb
0	|	60	|	Damp
1	|	60	|	Swift-Swim
0	|	61	|	Water-Absorb
0	|	61	|	Damp
1	|	61	|	Swift-Swim
0	|	62	|	Water-Absorb
0	|	62	|	Damp
1	|	62	|	Swift-Swim
0	|	63	|	Synchronize
0	|	63	|	Inner-Focus
1	|	63	|	Magic-Guard
0	|	64	|	Synchronize
0	|	64	|	Inner-Focus
1	|	64	|	Magic-Guard
0	|	65	|	Synchronize
0	|	65	|	Inner-Focus
1	|	65	|	Magic-Guard
0	|	66	|	Guts
0	|	66	|	No-Guard
1	|	66	|	Steadfast
0	|	67	|	Guts
0	|	67	|	No-Guard
1	|	67	|	Steadfast
0	|	68	|	Guts
0	|	68	|	No-Guard
1	|	68	|	Steadfast
0	|	69	|	Chlorophyll
1	|	69	|	Gluttony
0	|	70	|	Chlorophyll
1	|	70	|	Gluttony
0	|	71	|	Chlorophyll
1	|	71	|	Gluttony
0	|	72	|	Clear-Body
0	|	72	|	Liquid-Ooze
1	|	72	|	Rain-Dish
0	|	73	|	Clear-Body
0	|	73	|	Liquid-Ooze
1	|	73	|	Rain-Dish
0	|	74	|	Rock-Head
0	|	74	|	Sturdy
1	|	74	|	Sand-Veil
0	|	75	|	Rock-Head
0	|	75	|	Sturdy
1	|	75	|	Sand-Veil
0	|	76	|	Rock-Head
0	|	76	|	Sturdy
1	|	76	|	Sand-Veil
0	|	77	|	Run-Away
0	|	77	|	Flash-Fire
1	|	77	|	Flame-Body
0	|	78	|	Run-Away
0	|	78	|	Flash-Fire
1	|	78	|	Flame-Body
0	|	79	|	Oblivious
0	|	79	|	Own-Tempo
1	|	79	|	Regenerator
0	|	80	|	Oblivious
0	|	80	|	Own-Tempo
1	|	80	|	Regenerator
0	|	81	|	Magnet-Pull
0	|	81	|	Sturdy
1	|	81	|	Analytic
0	|	82	|	Magnet-Pull
0	|	82	|	Sturdy
1	|	82	|	Analytic
0	|	83	|	Keen-Eye
0	|	83	|	Inner-Focus
1	|	83	|	Defiant
0	|	84	|	Run-Away
0	|	84	|	Early-Bird
1	|	84	|	Tangled-Feet
0	|	85	|	Run-Away
0	|	85	|	Early-Bird
1	|	85	|	Tangled-Feet
0	|	86	|	Thick-Fat
0	|	86	|	Hydration
1	|	86	|	Ice-Body
0	|	87	|	Thick-Fat
0	|	87	|	Hydration
1	|	87	|	Ice-Body
0	|	88	|	Stench
0	|	88	|	Sticky-Hold
1	|	88	|	Poison-Touch
0	|	89	|	Stench
0	|	89	|	Sticky-Hold
1	|	89	|	Poison-Touch
0	|	90	|	Shell-Armor
0	|	90	|	Skill-Link
1	|	90	|	Overcoat
0	|	91	|	Shell-Armor
0	|	91	|	Skill-Link
1	|	91	|	Overcoat
0	|	92	|	Levitate
0	|	93	|	Levitate
0	|	94	|	Cursed-Body
0	|	95	|	Rock-Head
0	|	95	|	Sturdy
1	|	95	|	Weak-Armor
0	|	96	|	Insomnia
0	|	96	|	Forewarn
1	|	96	|	Inner-Focus
0	|	97	|	Insomnia
0	|	97	|	Forewarn
1	|	97	|	Inner-Focus
0	|	98	|	Hyper-Cutter
0	|	98	|	Shell-Armor
1	|	98	|	Sheer-Force
0	|	99	|	Hyper-Cutter
0	|	99	|	Shell-Armor
1	|	99	|	Sheer-Force
0	|	100	|	Soundproof
0	|	100	|	Static
1	|	100	|	Aftermath
0	|	101	|	Soundproof
0	|	101	|	Static
1	|	101	|	Aftermath
0	|	102	|	Chlorophyll
1	|	102	|	Harvest
0	|	103	|	Chlorophyll
1	|	103	|	Harvest
0	|	104	|	Rock-Head
0	|	104	|	Lightning-Rod
1	|	104	|	Battle-Armor
0	|	105	|	Rock-Head
0	|	105	|	Lightning-Rod
1	|	105	|	Battle-Armor
0	|	106	|	Limber
0	|	106	|	Reckless
1	|	106	|	Unburden
0	|	107	|	Keen-Eye
0	|	107	|	Iron-Fist
1	|	107	|	Inner-Focus
0	|	108	|	Own-Tempo
0	|	108	|	Oblivious
1	|	108	|	Cloud-Nine
0	|	109	|	Levitate
0	|	109	|	Neutralizing-Gas
1	|	109	|	Stench
0	|	110	|	Levitate
0	|	110	|	Neutralizing-Gas
1	|	110	|	Stench
0	|	111	|	Lightning-Rod
0	|	111	|	Rock-Head
1	|	111	|	Reckless
0	|	112	|	Lightning-Rod
0	|	112	|	Rock-Head
1	|	112	|	Reckless
0	|	113	|	Natural-Cure
0	|	113	|	Serene-Grace
1	|	113	|	Healer
0	|	114	|	Chlorophyll
0	|	114	|	Leaf-Guard
1	|	114	|	Regenerator
0	|	115	|	Early-Bird
0	|	115	|	Scrappy
1	|	115	|	Inner-Focus
0	|	116	|	Swift-Swim
0	|	116	|	Sniper
1	|	116	|	Damp
0	|	117	|	Poison-Point
0	|	117	|	Sniper
1	|	117	|	Damp
0	|	118	|	Swift-Swim
0	|	118	|	Water-Veil
1	|	118	|	Lightning-Rod
0	|	119	|	Swift-Swim
0	|	119	|	Water-Veil
1	|	119	|	Lightning-Rod
0	|	120	|	Illuminate
0	|	120	|	Natural-Cure
1	|	120	|	Analytic
0	|	121	|	Illuminate
0	|	121	|	Natural-Cure
1	|	121	|	Analytic
0	|	122	|	Soundproof
0	|	122	|	Filter
1	|	122	|	Technician
0	|	123	|	Swarm
0	|	123	|	Technician
1	|	123	|	Steadfast
0	|	124	|	Oblivious
0	|	124	|	Forewarn
1	|	124	|	Dry-Skin
0	|	125	|	Static
1	|	125	|	Vital-Spirit
0	|	126	|	Flame-Body
1	|	126	|	Vital-Spirit
0	|	127	|	Hyper-Cutter
0	|	127	|	Mold-Breaker
1	|	127	|	Moxie
0	|	128	|	Intimidate
0	|	128	|	Anger-Point
1	|	128	|	Sheer-Force
0	|	129	|	Swift-Swim
1	|	129	|	Rattled
0	|	130	|	Intimidate
1	|	130	|	Moxie
0	|	131	|	Water-Absorb
0	|	131	|	Shell-Armor
1	|	131	|	Hydration
0	|	132	|	Limber
1	|	132	|	Imposter
0	|	133	|	Run-Away
0	|	133	|	Adaptability
1	|	133	|	Anticipation
0	|	134	|	Water-Absorb
1	|	134	|	Hydration
0	|	135	|	Volt-Absorb
1	|	135	|	Quick-Feet
0	|	136	|	Flash-Fire
1	|	136	|	Guts
0	|	137	|	Trace
0	|	137	|	Download
1	|	137	|	Analytic
0	|	138	|	Swift-Swim
0	|	138	|	Shell-Armor
1	|	138	|	Weak-Armor
0	|	139	|	Swift-Swim
0	|	139	|	Shell-Armor
1	|	139	|	Weak-Armor
0	|	140	|	Swift-Swim
0	|	140	|	Battle-Armor
1	|	140	|	Weak-Armor
0	|	141	|	Swift-Swim
0	|	141	|	Battle-Armor
1	|	141	|	Weak-Armor
0	|	142	|	Rock-Head
0	|	142	|	Pressure
1	|	142	|	Unnerve
0	|	143	|	Immunity
0	|	143	|	Thick-Fat
1	|	143	|	Gluttony
0	|	144	|	Pressure
1	|	144	|	Snow-Cloak
0	|	145	|	Pressure
1	|	145	|	Static
0	|	146	|	Pressure
1	|	146	|	Flame-Body
0	|	147	|	Shed-Skin
1	|	147	|	Marvel-Scale
0	|	148	|	Shed-Skin
1	|	148	|	Marvel-Scale
0	|	149	|	Inner-Focus
1	|	149	|	Multiscale
0	|	150	|	Pressure
1	|	150	|	Unnerve
0	|	151	|	Synchronize
0	|	152	|	Overgrow
1	|	152	|	Leaf-Guard
0	|	153	|	Overgrow
1	|	153	|	Leaf-Guard
0	|	154	|	Overgrow
1	|	154	|	Leaf-Guard
0	|	155	|	Blaze
1	|	155	|	Flash-Fire
0	|	156	|	Blaze
1	|	156	|	Flash-Fire
0	|	157	|	Blaze
1	|	157	|	Flash-Fire
0	|	158	|	Torrent
1	|	158	|	Sheer-Force
0	|	159	|	Torrent
1	|	159	|	Sheer-Force
0	|	160	|	Torrent
1	|	160	|	Sheer-Force
0	|	161	|	Run-Away
0	|	161	|	Keen-Eye
1	|	161	|	Frisk
0	|	162	|	Run-Away
0	|	162	|	Keen-Eye
1	|	162	|	Frisk
0	|	163	|	Insomnia
0	|	163	|	Keen-Eye
1	|	163	|	Tinted-Lens
0	|	164	|	Insomnia
0	|	164	|	Keen-Eye
1	|	164	|	Tinted-Lens
0	|	165	|	Swarm
0	|	165	|	Early-Bird
1	|	165	|	Rattled
0	|	166	|	Swarm
0	|	166	|	Early-Bird
1	|	166	|	Iron-Fist
0	|	167	|	Swarm
0	|	167	|	Insomnia
1	|	167	|	Sniper
0	|	168	|	Swarm
0	|	168	|	Insomnia
1	|	168	|	Sniper
0	|	169	|	Inner-Focus
1	|	169	|	Infiltrator
0	|	170	|	Volt-Absorb
0	|	170	|	Illuminate
1	|	170	|	Water-Absorb
0	|	171	|	Volt-Absorb
0	|	171	|	Illuminate
1	|	171	|	Water-Absorb
0	|	172	|	Static
1	|	172	|	Lightning-Rod
0	|	173	|	Cute-Charm
0	|	173	|	Magic-Guard
1	|	173	|	Friend-Guard
0	|	174	|	Cute-Charm
0	|	174	|	Competitive
1	|	174	|	Friend-Guard
0	|	175	|	Hustle
0	|	175	|	Serene-Grace
1	|	175	|	Super-Luck
0	|	176	|	Hustle
0	|	176	|	Serene-Grace
1	|	176	|	Super-Luck
0	|	177	|	Synchronize
0	|	177	|	Early-Bird
1	|	177	|	Magic-Bounce
0	|	178	|	Synchronize
0	|	178	|	Early-Bird
1	|	178	|	Magic-Bounce
0	|	179	|	Static
1	|	179	|	Plus
0	|	180	|	Static
1	|	180	|	Plus
0	|	181	|	Static
1	|	181	|	Plus
0	|	182	|	Chlorophyll
1	|	182	|	Healer
0	|	183	|	Thick-Fat
0	|	183	|	Huge-Power
1	|	183	|	Sap-Sipper
0	|	184	|	Thick-Fat
0	|	184	|	Huge-Power
1	|	184	|	Sap-Sipper
0	|	185	|	Sturdy
0	|	185	|	Rock-Head
1	|	185	|	Rattled
0	|	186	|	Water-Absorb
0	|	186	|	Damp
1	|	186	|	Drizzle
0	|	187	|	Chlorophyll
0	|	187	|	Leaf-Guard
1	|	187	|	Infiltrator
0	|	188	|	Chlorophyll
0	|	188	|	Leaf-Guard
1	|	188	|	Infiltrator
0	|	189	|	Chlorophyll
0	|	189	|	Leaf-Guard
1	|	189	|	Infiltrator
0	|	190	|	Run-Away
0	|	190	|	Pickup
1	|	190	|	Skill-Link
0	|	191	|	Chlorophyll
0	|	191	|	Solar-Power
1	|	191	|	Early-Bird
0	|	192	|	Chlorophyll
0	|	192	|	Solar-Power
1	|	192	|	Early-Bird
0	|	193	|	Speed-Boost
0	|	193	|	Compound-Eyes
1	|	193	|	Frisk
0	|	194	|	Damp
0	|	194	|	Water-Absorb
1	|	194	|	Unaware
0	|	195	|	Damp
0	|	195	|	Water-Absorb
1	|	195	|	Unaware
0	|	196	|	Synchronize
1	|	196	|	Magic-Bounce
0	|	197	|	Synchronize
1	|	197	|	Inner-Focus
0	|	198	|	Insomnia
0	|	198	|	Super-Luck
1	|	198	|	Prankster
0	|	199	|	Oblivious
0	|	199	|	Own-Tempo
1	|	199	|	Regenerator
0	|	200	|	Levitate
0	|	201	|	Levitate
0	|	202	|	Shadow-Tag
1	|	202	|	Telepathy
0	|	203	|	Inner-Focus
0	|	203	|	Early-Bird
1	|	203	|	Sap-Sipper
0	|	204	|	Sturdy
1	|	204	|	Overcoat
0	|	205	|	Sturdy
1	|	205	|	Overcoat
0	|	206	|	Serene-Grace
0	|	206	|	Run-Away
1	|	206	|	Rattled
0	|	207	|	Hyper-Cutter
0	|	207	|	Sand-Veil
1	|	207	|	Immunity
0	|	208	|	Rock-Head
0	|	208	|	Sturdy
1	|	208	|	Sheer-Force
0	|	209	|	Intimidate
0	|	209	|	Run-Away
1	|	209	|	Rattled
0	|	210	|	Intimidate
0	|	210	|	Quick-Feet
1	|	210	|	Rattled
0	|	211	|	Poison-Point
0	|	211	|	Swift-Swim
1	|	211	|	Intimidate
0	|	212	|	Swarm
0	|	212	|	Technician
1	|	212	|	Light-Metal
0	|	213	|	Sturdy
0	|	213	|	Gluttony
1	|	213	|	Contrary
0	|	214	|	Swarm
0	|	214	|	Guts
1	|	214	|	Moxie
0	|	215	|	Inner-Focus
0	|	215	|	Keen-Eye
1	|	215	|	Pickpocket
0	|	216	|	Pickup
0	|	216	|	Quick-Feet
1	|	216	|	Honey-Gather
0	|	217	|	Guts
0	|	217	|	Quick-Feet
1	|	217	|	Unnerve
0	|	218	|	Magma-Armor
0	|	218	|	Flame-Body
1	|	218	|	Weak-Armor
0	|	219	|	Magma-Armor
0	|	219	|	Flame-Body
1	|	219	|	Weak-Armor
0	|	220	|	Oblivious
0	|	220	|	Snow-Cloak
1	|	220	|	Thick-Fat
0	|	221	|	Oblivious
0	|	221	|	Snow-Cloak
1	|	221	|	Thick-Fat
0	|	222	|	Hustle
0	|	222	|	Natural-Cure
1	|	222	|	Regenerator
0	|	223	|	Hustle
0	|	223	|	Sniper
1	|	223	|	Moody
0	|	224	|	Suction-Cups
0	|	224	|	Sniper
1	|	224	|	Moody
0	|	225	|	Vital-Spirit
0	|	225	|	Hustle
1	|	225	|	Insomnia
0	|	226	|	Swift-Swim
0	|	226	|	Water-Absorb
1	|	226	|	Water-Veil
0	|	227	|	Keen-Eye
0	|	227	|	Sturdy
1	|	227	|	Weak-Armor
0	|	228	|	Early-Bird
0	|	228	|	Flash-Fire
1	|	228	|	Unnerve
0	|	229	|	Early-Bird
0	|	229	|	Flash-Fire
1	|	229	|	Unnerve
0	|	230	|	Swift-Swim
0	|	230	|	Sniper
1	|	230	|	Damp
0	|	231	|	Pickup
1	|	231	|	Sand-Veil
0	|	232	|	Sturdy
1	|	232	|	Sand-Veil
0	|	233	|	Trace
0	|	233	|	Download
1	|	233	|	Analytic
0	|	234	|	Intimidate
0	|	234	|	Frisk
1	|	234	|	Sap-Sipper
0	|	235	|	Own-Tempo
0	|	235	|	Technician
1	|	235	|	Moody
0	|	236	|	Guts
0	|	236	|	Steadfast
1	|	236	|	Vital-Spirit
0	|	237	|	Intimidate
0	|	237	|	Technician
1	|	237	|	Steadfast
0	|	238	|	Oblivious
0	|	238	|	Forewarn
1	|	238	|	Hydration
0	|	239	|	Static
1	|	239	|	Vital-Spirit
0	|	240	|	Flame-Body
1	|	240	|	Vital-Spirit
0	|	241	|	Thick-Fat
0	|	241	|	Scrappy
1	|	241	|	Sap-Sipper
0	|	242	|	Natural-Cure
0	|	242	|	Serene-Grace
1	|	242	|	Healer
0	|	243	|	Pressure
1	|	243	|	Inner-Focus
0	|	244	|	Pressure
1	|	244	|	Inner-Focus
0	|	245	|	Pressure
1	|	245	|	Inner-Focus
0	|	246	|	Guts
1	|	246	|	Sand-Veil
0	|	247	|	Shed-Skin
0	|	248	|	Sand-Stream
1	|	248	|	Unnerve
0	|	249	|	Pressure
1	|	249	|	Multiscale
0	|	250	|	Pressure
1	|	250	|	Regenerator
0	|	251	|	Natural-Cure
0	|	252	|	Overgrow
1	|	252	|	Unburden
0	|	253	|	Overgrow
1	|	253	|	Unburden
0	|	254	|	Overgrow
1	|	254	|	Unburden
0	|	255	|	Blaze
1	|	255	|	Speed-Boost
0	|	256	|	Blaze
1	|	256	|	Speed-Boost
0	|	257	|	Blaze
1	|	257	|	Speed-Boost
0	|	258	|	Torrent
1	|	258	|	Damp
0	|	259	|	Torrent
1	|	259	|	Damp
0	|	260	|	Torrent
1	|	260	|	Damp
0	|	261	|	Run-Away
0	|	261	|	Quick-Feet
1	|	261	|	Rattled
0	|	262	|	Intimidate
0	|	262	|	Quick-Feet
1	|	262	|	Moxie
0	|	263	|	Pickup
0	|	263	|	Gluttony
1	|	263	|	Quick-Feet
0	|	264	|	Pickup
0	|	264	|	Gluttony
1	|	264	|	Quick-Feet
0	|	265	|	Shield-Dust
1	|	265	|	Run-Away
0	|	266	|	Shed-Skin
0	|	267	|	Swarm
1	|	267	|	Rivalry
0	|	268	|	Shed-Skin
0	|	269	|	Shield-Dust
1	|	269	|	Compound-Eyes
0	|	270	|	Swift-Swim
0	|	270	|	Rain-Dish
1	|	270	|	Own-Tempo
0	|	271	|	Swift-Swim
0	|	271	|	Rain-Dish
1	|	271	|	Own-Tempo
0	|	272	|	Swift-Swim
0	|	272	|	Rain-Dish
1	|	272	|	Own-Tempo
0	|	273	|	Chlorophyll
0	|	273	|	Early-Bird
1	|	273	|	Pickpocket
0	|	274	|	Chlorophyll
0	|	274	|	Early-Bird
1	|	274	|	Pickpocket
0	|	275	|	Chlorophyll
0	|	275	|	Wind-Rider
1	|	275	|	Pickpocket
0	|	276	|	Guts
1	|	276	|	Scrappy
0	|	277	|	Guts
1	|	277	|	Scrappy
0	|	278	|	Keen-Eye
0	|	278	|	Hydration
1	|	278	|	Rain-Dish
0	|	279	|	Keen-Eye
0	|	279	|	Drizzle
1	|	279	|	Rain-Dish
0	|	280	|	Synchronize
0	|	280	|	Trace
1	|	280	|	Telepathy
0	|	281	|	Synchronize
0	|	281	|	Trace
1	|	281	|	Telepathy
0	|	282	|	Synchronize
0	|	282	|	Trace
1	|	282	|	Telepathy
0	|	283	|	Swift-Swim
1	|	283	|	Rain-Dish
0	|	284	|	Intimidate
1	|	284	|	Unnerve
0	|	285	|	Effect-Spore
0	|	285	|	Poison-Heal
1	|	285	|	Quick-Feet
0	|	286	|	Effect-Spore
0	|	286	|	Poison-Heal
1	|	286	|	Technician
0	|	287	|	Truant
0	|	288	|	Vital-Spirit
0	|	289	|	Truant
0	|	290	|	Compound-Eyes
1	|	290	|	Run-Away
0	|	291	|	Speed-Boost
1	|	291	|	Infiltrator
0	|	292	|	Wonder-Guard
0	|	293	|	Soundproof
1	|	293	|	Rattled
0	|	294	|	Soundproof
1	|	294	|	Scrappy
0	|	295	|	Soundproof
1	|	295	|	Scrappy
0	|	296	|	Thick-Fat
0	|	296	|	Guts
1	|	296	|	Sheer-Force
0	|	297	|	Thick-Fat
0	|	297	|	Guts
1	|	297	|	Sheer-Force
0	|	298	|	Thick-Fat
0	|	298	|	Huge-Power
1	|	298	|	Sap-Sipper
0	|	299	|	Sturdy
0	|	299	|	Magnet-Pull
1	|	299	|	Sand-Force
0	|	300	|	Cute-Charm
0	|	300	|	Normalize
1	|	300	|	Wonder-Skin
0	|	301	|	Cute-Charm
0	|	301	|	Normalize
1	|	301	|	Wonder-Skin
0	|	302	|	Keen-Eye
0	|	302	|	Stall
1	|	302	|	Prankster
0	|	303	|	Hyper-Cutter
0	|	303	|	Intimidate
1	|	303	|	Sheer-Force
0	|	304	|	Sturdy
0	|	304	|	Rock-Head
1	|	304	|	Heavy-Metal
0	|	305	|	Sturdy
0	|	305	|	Rock-Head
1	|	305	|	Heavy-Metal
0	|	306	|	Sturdy
0	|	306	|	Rock-Head
1	|	306	|	Heavy-Metal
0	|	307	|	Pure-Power
1	|	307	|	Telepathy
0	|	308	|	Pure-Power
1	|	308	|	Telepathy
0	|	309	|	Static
0	|	309	|	Lightning-Rod
1	|	309	|	Minus
0	|	310	|	Static
0	|	310	|	Lightning-Rod
1	|	310	|	Minus
0	|	311	|	Plus
1	|	311	|	Lightning-Rod
0	|	312	|	Minus
1	|	312	|	Volt-Absorb
0	|	313	|	Illuminate
0	|	313	|	Swarm
1	|	313	|	Prankster
0	|	314	|	Oblivious
0	|	314	|	Tinted-Lens
1	|	314	|	Prankster
0	|	315	|	Natural-Cure
0	|	315	|	Poison-Point
1	|	315	|	Leaf-Guard
0	|	316	|	Liquid-Ooze
0	|	316	|	Sticky-Hold
1	|	316	|	Gluttony
0	|	317	|	Liquid-Ooze
0	|	317	|	Sticky-Hold
1	|	317	|	Gluttony
0	|	318	|	Rough-Skin
1	|	318	|	Speed-Boost
0	|	319	|	Rough-Skin
1	|	319	|	Speed-Boost
0	|	320	|	Water-Veil
0	|	320	|	Oblivious
1	|	320	|	Pressure
0	|	321	|	Water-Veil
0	|	321	|	Oblivious
1	|	321	|	Pressure
0	|	322	|	Oblivious
0	|	322	|	Simple
1	|	322	|	Own-Tempo
0	|	323	|	Magma-Armor
0	|	323	|	Solid-Rock
1	|	323	|	Anger-Point
0	|	324	|	White-Smoke
0	|	324	|	Drought
1	|	324	|	Shell-Armor
0	|	325	|	Thick-Fat
0	|	325	|	Own-Tempo
1	|	325	|	Gluttony
0	|	326	|	Thick-Fat
0	|	326	|	Own-Tempo
1	|	326	|	Gluttony
0	|	327	|	Own-Tempo
0	|	327	|	Tangled-Feet
1	|	327	|	Contrary
0	|	328	|	Hyper-Cutter
0	|	328	|	Arena-Trap
1	|	328	|	Sheer-Force
0	|	329	|	Levitate
0	|	330	|	Levitate
0	|	331	|	Sand-Veil
1	|	331	|	Water-Absorb
0	|	332	|	Sand-Veil
1	|	332	|	Water-Absorb
0	|	333	|	Natural-Cure
1	|	333	|	Cloud-Nine
0	|	334	|	Natural-Cure
1	|	334	|	Cloud-Nine
0	|	335	|	Immunity
1	|	335	|	Toxic-Boost
0	|	336	|	Shed-Skin
1	|	336	|	Infiltrator
0	|	337	|	Levitate
0	|	338	|	Levitate
0	|	339	|	Oblivious
0	|	339	|	Anticipation
1	|	339	|	Hydration
0	|	340	|	Oblivious
0	|	340	|	Anticipation
1	|	340	|	Hydration
0	|	341	|	Hyper-Cutter
0	|	341	|	Shell-Armor
1	|	341	|	Adaptability
0	|	342	|	Hyper-Cutter
0	|	342	|	Shell-Armor
1	|	342	|	Adaptability
0	|	343	|	Levitate
0	|	344	|	Levitate
0	|	345	|	Suction-Cups
1	|	345	|	Storm-Drain
0	|	346	|	Suction-Cups
1	|	346	|	Storm-Drain
0	|	347	|	Battle-Armor
1	|	347	|	Swift-Swim
0	|	348	|	Battle-Armor
1	|	348	|	Swift-Swim
0	|	349	|	Swift-Swim
0	|	349	|	Oblivious
1	|	349	|	Adaptability
0	|	350	|	Marvel-Scale
0	|	350	|	Competitive
1	|	350	|	Cute-Charm
0	|	351	|	Forecast
0	|	352	|	Color-Change
1	|	352	|	Protean
0	|	353	|	Insomnia
0	|	353	|	Frisk
1	|	353	|	Cursed-Body
0	|	354	|	Insomnia
0	|	354	|	Frisk
1	|	354	|	Cursed-Body
0	|	355	|	Levitate
1	|	355	|	Frisk
0	|	356	|	Pressure
1	|	356	|	Frisk
0	|	357	|	Chlorophyll
0	|	357	|	Solar-Power
1	|	357	|	Harvest
0	|	358	|	Levitate
0	|	359	|	Pressure
0	|	359	|	Super-Luck
1	|	359	|	Justified
0	|	360	|	Shadow-Tag
1	|	360	|	Telepathy
0	|	361	|	Inner-Focus
0	|	361	|	Ice-Body
1	|	361	|	Moody
0	|	362	|	Inner-Focus
0	|	362	|	Ice-Body
1	|	362	|	Moody
0	|	363	|	Thick-Fat
0	|	363	|	Ice-Body
1	|	363	|	Oblivious
0	|	364	|	Thick-Fat
0	|	364	|	Ice-Body
1	|	364	|	Oblivious
0	|	365	|	Thick-Fat
0	|	365	|	Ice-Body
1	|	365	|	Oblivious
0	|	366	|	Shell-Armor
1	|	366	|	Rattled
0	|	367	|	Swift-Swim
1	|	367	|	Water-Veil
0	|	368	|	Swift-Swim
1	|	368	|	Hydration
0	|	369	|	Swift-Swim
0	|	369	|	Rock-Head
1	|	369	|	Sturdy
0	|	370	|	Swift-Swim
1	|	370	|	Hydration
0	|	371	|	Rock-Head
1	|	371	|	Sheer-Force
0	|	372	|	Rock-Head
1	|	372	|	Overcoat
0	|	373	|	Intimidate
1	|	373	|	Moxie
0	|	374	|	Clear-Body
1	|	374	|	Light-Metal
0	|	375	|	Clear-Body
1	|	375	|	Light-Metal
0	|	376	|	Clear-Body
1	|	376	|	Light-Metal
0	|	377	|	Clear-Body
1	|	377	|	Sturdy
0	|	378	|	Clear-Body
1	|	378	|	Ice-Body
0	|	379	|	Clear-Body
1	|	379	|	Light-Metal
0	|	380	|	Levitate
0	|	381	|	Levitate
0	|	382	|	Drizzle
0	|	383	|	Drought
0	|	384	|	Air-Lock
0	|	385	|	Serene-Grace
0	|	386	|	Pressure
0	|	387	|	Overgrow
1	|	387	|	Shell-Armor
0	|	388	|	Overgrow
1	|	388	|	Shell-Armor
0	|	389	|	Overgrow
1	|	389	|	Shell-Armor
0	|	390	|	Blaze
1	|	390	|	Iron-Fist
0	|	391	|	Blaze
1	|	391	|	Iron-Fist
0	|	392	|	Blaze
1	|	392	|	Iron-Fist
0	|	393	|	Torrent
1	|	393	|	Competitive
0	|	394	|	Torrent
1	|	394	|	Competitive
0	|	395	|	Torrent
1	|	395	|	Competitive
0	|	396	|	Keen-Eye
1	|	396	|	Reckless
0	|	397	|	Intimidate
1	|	397	|	Reckless
0	|	398	|	Intimidate
1	|	398	|	Reckless
0	|	399	|	Simple
0	|	399	|	Unaware
1	|	399	|	Moody
0	|	400	|	Simple
0	|	400	|	Unaware
1	|	400	|	Moody
0	|	401	|	Shed-Skin
1	|	401	|	Run-Away
0	|	402	|	Swarm
1	|	402	|	Technician
0	|	403	|	Rivalry
0	|	403	|	Intimidate
1	|	403	|	Guts
0	|	404	|	Rivalry
0	|	404	|	Intimidate
1	|	404	|	Guts
0	|	405	|	Rivalry
0	|	405	|	Intimidate
1	|	405	|	Guts
0	|	406	|	Natural-Cure
0	|	406	|	Poison-Point
1	|	406	|	Leaf-Guard
0	|	407	|	Natural-Cure
0	|	407	|	Poison-Point
1	|	407	|	Technician
0	|	408	|	Mold-Breaker
1	|	408	|	Sheer-Force
0	|	409	|	Mold-Breaker
1	|	409	|	Sheer-Force
0	|	410	|	Sturdy
1	|	410	|	Soundproof
0	|	411	|	Sturdy
1	|	411	|	Soundproof
0	|	412	|	Shed-Skin
1	|	412	|	Overcoat
0	|	413	|	Anticipation
1	|	413	|	Overcoat
0	|	414	|	Swarm
1	|	414	|	Tinted-Lens
0	|	415	|	Honey-Gather
1	|	415	|	Hustle
0	|	416	|	Pressure
1	|	416	|	Unnerve
0	|	417	|	Run-Away
0	|	417	|	Pickup
1	|	417	|	Volt-Absorb
0	|	418	|	Swift-Swim
1	|	418	|	Water-Veil
0	|	419	|	Swift-Swim
1	|	419	|	Water-Veil
0	|	420	|	Chlorophyll
0	|	421	|	Flower-Gift
0	|	422	|	Sticky-Hold
0	|	422	|	Storm-Drain
1	|	422	|	Sand-Force
0	|	423	|	Sticky-Hold
0	|	423	|	Storm-Drain
1	|	423	|	Sand-Force
0	|	424	|	Technician
0	|	424	|	Pickup
1	|	424	|	Skill-Link
0	|	425	|	Aftermath
0	|	425	|	Unburden
1	|	425	|	Flare-Boost
0	|	426	|	Aftermath
0	|	426	|	Unburden
1	|	426	|	Flare-Boost
0	|	427	|	Run-Away
0	|	427	|	Klutz
1	|	427	|	Limber
0	|	428	|	Cute-Charm
0	|	428	|	Klutz
1	|	428	|	Limber
0	|	429	|	Levitate
0	|	430	|	Insomnia
0	|	430	|	Super-Luck
1	|	430	|	Moxie
0	|	431	|	Limber
0	|	431	|	Own-Tempo
1	|	431	|	Keen-Eye
0	|	432	|	Thick-Fat
0	|	432	|	Own-Tempo
1	|	432	|	Defiant
0	|	433	|	Levitate
0	|	434	|	Stench
0	|	434	|	Aftermath
1	|	434	|	Keen-Eye
0	|	435	|	Stench
0	|	435	|	Aftermath
1	|	435	|	Keen-Eye
0	|	436	|	Levitate
0	|	436	|	Heatproof
1	|	436	|	Heavy-Metal
0	|	437	|	Levitate
0	|	437	|	Heatproof
1	|	437	|	Heavy-Metal
0	|	438	|	Sturdy
0	|	438	|	Rock-Head
1	|	438	|	Rattled
0	|	439	|	Soundproof
0	|	439	|	Filter
1	|	439	|	Technician
0	|	440	|	Natural-Cure
0	|	440	|	Serene-Grace
1	|	440	|	Friend-Guard
0	|	441	|	Keen-Eye
0	|	441	|	Tangled-Feet
1	|	441	|	Big-Pecks
0	|	442	|	Pressure
1	|	442	|	Infiltrator
0	|	443	|	Sand-Veil
1	|	443	|	Rough-Skin
0	|	444	|	Sand-Veil
1	|	444	|	Rough-Skin
0	|	445	|	Sand-Veil
1	|	445	|	Rough-Skin
0	|	446	|	Pickup
0	|	446	|	Thick-Fat
1	|	446	|	Gluttony
0	|	447	|	Steadfast
0	|	447	|	Inner-Focus
1	|	447	|	Prankster
0	|	448	|	Steadfast
0	|	448	|	Inner-Focus
1	|	448	|	Justified
0	|	449	|	Sand-Stream
1	|	449	|	Sand-Force
0	|	450	|	Sand-Stream
1	|	450	|	Sand-Force
0	|	451	|	Battle-Armor
0	|	451	|	Sniper
1	|	451	|	Keen-Eye
0	|	452	|	Battle-Armor
0	|	452	|	Sniper
1	|	452	|	Keen-Eye
0	|	453	|	Anticipation
0	|	453	|	Dry-Skin
1	|	453	|	Poison-Touch
0	|	454	|	Anticipation
0	|	454	|	Dry-Skin
1	|	454	|	Poison-Touch
0	|	455	|	Levitate
0	|	456	|	Swift-Swim
0	|	456	|	Storm-Drain
1	|	456	|	Water-Veil
0	|	457	|	Swift-Swim
0	|	457	|	Storm-Drain
1	|	457	|	Water-Veil
0	|	458	|	Swift-Swim
0	|	458	|	Water-Absorb
1	|	458	|	Water-Veil
0	|	459	|	Snow-Warning
1	|	459	|	Soundproof
0	|	460	|	Snow-Warning
1	|	460	|	Soundproof
0	|	461	|	Pressure
1	|	461	|	Pickpocket
0	|	462	|	Magnet-Pull
0	|	462	|	Sturdy
1	|	462	|	Analytic
0	|	463	|	Own-Tempo
0	|	463	|	Oblivious
1	|	463	|	Cloud-Nine
0	|	464	|	Lightning-Rod
0	|	464	|	Solid-Rock
1	|	464	|	Reckless
0	|	465	|	Chlorophyll
0	|	465	|	Leaf-Guard
1	|	465	|	Regenerator
0	|	466	|	Motor-Drive
1	|	466	|	Vital-Spirit
0	|	467	|	Flame-Body
1	|	467	|	Vital-Spirit
0	|	468	|	Hustle
0	|	468	|	Serene-Grace
1	|	468	|	Super-Luck
0	|	469	|	Speed-Boost
0	|	469	|	Tinted-Lens
1	|	469	|	Frisk
0	|	470	|	Leaf-Guard
1	|	470	|	Chlorophyll
0	|	471	|	Snow-Cloak
1	|	471	|	Ice-Body
0	|	472	|	Hyper-Cutter
0	|	472	|	Sand-Veil
1	|	472	|	Poison-Heal
0	|	473	|	Oblivious
0	|	473	|	Snow-Cloak
1	|	473	|	Thick-Fat
0	|	474	|	Adaptability
0	|	474	|	Download
1	|	474	|	Analytic
0	|	475	|	Steadfast
0	|	475	|	Sharpness
1	|	475	|	Justified
0	|	476	|	Sturdy
0	|	476	|	Magnet-Pull
1	|	476	|	Sand-Force
0	|	477	|	Pressure
1	|	477	|	Frisk
0	|	478	|	Snow-Cloak
1	|	478	|	Cursed-Body
0	|	479	|	Levitate
0	|	480	|	Levitate
0	|	481	|	Levitate
0	|	482	|	Levitate
0	|	483	|	Pressure
1	|	483	|	Telepathy
0	|	484	|	Pressure
1	|	484	|	Telepathy
0	|	485	|	Flash-Fire
1	|	485	|	Flame-Body
0	|	486	|	Slow-Start
0	|	487	|	Pressure
1	|	487	|	Telepathy
0	|	488	|	Levitate
0	|	489	|	Hydration
0	|	490	|	Hydration
0	|	491	|	Bad-Dreams
0	|	492	|	Natural-Cure
0	|	493	|	Multitype
0	|	494	|	Victory-Star
0	|	495	|	Overgrow
1	|	495	|	Contrary
0	|	496	|	Overgrow
1	|	496	|	Contrary
0	|	497	|	Overgrow
1	|	497	|	Contrary
0	|	498	|	Blaze
1	|	498	|	Thick-Fat
0	|	499	|	Blaze
1	|	499	|	Thick-Fat
0	|	500	|	Blaze
1	|	500	|	Reckless
0	|	501	|	Torrent
1	|	501	|	Shell-Armor
0	|	502	|	Torrent
1	|	502	|	Shell-Armor
0	|	503	|	Torrent
1	|	503	|	Shell-Armor
0	|	504	|	Run-Away
0	|	504	|	Keen-Eye
1	|	504	|	Analytic
0	|	505	|	Illuminate
0	|	505	|	Keen-Eye
1	|	505	|	Analytic
0	|	506	|	Vital-Spirit
0	|	506	|	Pickup
1	|	506	|	Run-Away
0	|	507	|	Intimidate
0	|	507	|	Sand-Rush
1	|	507	|	Scrappy
0	|	508	|	Intimidate
0	|	508	|	Sand-Rush
1	|	508	|	Scrappy
0	|	509	|	Limber
0	|	509	|	Unburden
1	|	509	|	Prankster
0	|	510	|	Limber
0	|	510	|	Unburden
1	|	510	|	Prankster
0	|	511	|	Gluttony
1	|	511	|	Overgrow
0	|	512	|	Gluttony
1	|	512	|	Overgrow
0	|	513	|	Gluttony
1	|	513	|	Blaze
0	|	514	|	Gluttony
1	|	514	|	Blaze
0	|	515	|	Gluttony
1	|	515	|	Torrent
0	|	516	|	Gluttony
1	|	516	|	Torrent
0	|	517	|	Forewarn
0	|	517	|	Synchronize
1	|	517	|	Telepathy
0	|	518	|	Forewarn
0	|	518	|	Synchronize
1	|	518	|	Telepathy
0	|	519	|	Big-Pecks
0	|	519	|	Super-Luck
1	|	519	|	Rivalry
0	|	520	|	Big-Pecks
0	|	520	|	Super-Luck
1	|	520	|	Rivalry
0	|	521	|	Big-Pecks
0	|	521	|	Super-Luck
1	|	521	|	Rivalry
0	|	522	|	Lightning-Rod
0	|	522	|	Motor-Drive
1	|	522	|	Sap-Sipper
0	|	523	|	Lightning-Rod
0	|	523	|	Motor-Drive
1	|	523	|	Sap-Sipper
0	|	524	|	Sturdy
0	|	524	|	Weak-Armor
1	|	524	|	Sand-Force
0	|	525	|	Sturdy
0	|	525	|	Weak-Armor
1	|	525	|	Sand-Force
0	|	526	|	Sturdy
0	|	526	|	Sand-Stream
1	|	526	|	Sand-Force
0	|	527	|	Unaware
0	|	527	|	Klutz
1	|	527	|	Simple
0	|	528	|	Unaware
0	|	528	|	Klutz
1	|	528	|	Simple
0	|	529	|	Sand-Rush
0	|	529	|	Sand-Force
1	|	529	|	Mold-Breaker
0	|	530	|	Sand-Rush
0	|	530	|	Sand-Force
1	|	530	|	Mold-Breaker
0	|	531	|	Healer
0	|	531	|	Regenerator
1	|	531	|	Klutz
0	|	532	|	Guts
0	|	532	|	Sheer-Force
1	|	532	|	Iron-Fist
0	|	533	|	Guts
0	|	533	|	Sheer-Force
1	|	533	|	Iron-Fist
0	|	534	|	Guts
0	|	534	|	Sheer-Force
1	|	534	|	Iron-Fist
0	|	535	|	Swift-Swim
0	|	535	|	Hydration
1	|	535	|	Water-Absorb
0	|	536	|	Swift-Swim
0	|	536	|	Hydration
1	|	536	|	Water-Absorb
0	|	537	|	Swift-Swim
0	|	537	|	Poison-Touch
1	|	537	|	Water-Absorb
0	|	538	|	Guts
0	|	538	|	Inner-Focus
1	|	538	|	Mold-Breaker
0	|	539	|	Sturdy
0	|	539	|	Inner-Focus
1	|	539	|	Mold-Breaker
0	|	540	|	Swarm
0	|	540	|	Chlorophyll
1	|	540	|	Overcoat
0	|	541	|	Leaf-Guard
0	|	541	|	Chlorophyll
1	|	541	|	Overcoat
0	|	542	|	Swarm
0	|	542	|	Chlorophyll
1	|	542	|	Overcoat
0	|	543	|	Poison-Point
0	|	543	|	Swarm
1	|	543	|	Speed-Boost
0	|	544	|	Poison-Point
0	|	544	|	Swarm
1	|	544	|	Speed-Boost
0	|	545	|	Poison-Point
0	|	545	|	Swarm
1	|	545	|	Speed-Boost
0	|	546	|	Prankster
0	|	546	|	Infiltrator
1	|	546	|	Chlorophyll
0	|	547	|	Prankster
0	|	547	|	Infiltrator
1	|	547	|	Chlorophyll
0	|	548	|	Chlorophyll
0	|	548	|	Own-Tempo
1	|	548	|	Leaf-Guard
0	|	549	|	Chlorophyll
0	|	549	|	Own-Tempo
1	|	549	|	Leaf-Guard
0	|	550	|	Reckless
0	|	550	|	Adaptability
1	|	550	|	Mold-Breaker
0	|	551	|	Intimidate
0	|	551	|	Moxie
1	|	551	|	Anger-Point
0	|	552	|	Intimidate
0	|	552	|	Moxie
1	|	552	|	Anger-Point
0	|	553	|	Intimidate
0	|	553	|	Moxie
1	|	553	|	Anger-Point
0	|	554	|	Hustle
1	|	554	|	Inner-Focus
0	|	555	|	Sheer-Force
1	|	555	|	Zen-Mode
0	|	556	|	Water-Absorb
0	|	556	|	Chlorophyll
1	|	556	|	Storm-Drain
0	|	557	|	Sturdy
0	|	557	|	Shell-Armor
1	|	557	|	Weak-Armor
0	|	558	|	Sturdy
0	|	558	|	Shell-Armor
1	|	558	|	Weak-Armor
0	|	559	|	Shed-Skin
0	|	559	|	Moxie
1	|	559	|	Intimidate
0	|	560	|	Shed-Skin
0	|	560	|	Moxie
1	|	560	|	Intimidate
0	|	561	|	Wonder-Skin
0	|	561	|	Magic-Guard
1	|	561	|	Tinted-Lens
0	|	562	|	Mummy
0	|	563	|	Mummy
0	|	564	|	Solid-Rock
0	|	564	|	Sturdy
1	|	564	|	Swift-Swim
0	|	565	|	Solid-Rock
0	|	565	|	Sturdy
1	|	565	|	Swift-Swim
0	|	566	|	Defeatist
0	|	567	|	Defeatist
0	|	568	|	Stench
0	|	568	|	Sticky-Hold
1	|	568	|	Aftermath
0	|	569	|	Stench
0	|	569	|	Weak-Armor
1	|	569	|	Aftermath
0	|	570	|	Illusion
0	|	571	|	Illusion
0	|	572	|	Cute-Charm
0	|	572	|	Technician
1	|	572	|	Skill-Link
0	|	573	|	Cute-Charm
0	|	573	|	Technician
1	|	573	|	Skill-Link
0	|	574	|	Frisk
0	|	574	|	Competitive
1	|	574	|	Shadow-Tag
0	|	575	|	Frisk
0	|	575	|	Competitive
1	|	575	|	Shadow-Tag
0	|	576	|	Frisk
0	|	576	|	Competitive
1	|	576	|	Shadow-Tag
0	|	577	|	Overcoat
0	|	577	|	Magic-Guard
1	|	577	|	Regenerator
0	|	578	|	Overcoat
0	|	578	|	Magic-Guard
1	|	578	|	Regenerator
0	|	579	|	Overcoat
0	|	579	|	Magic-Guard
1	|	579	|	Regenerator
0	|	580	|	Keen-Eye
0	|	580	|	Big-Pecks
1	|	580	|	Hydration
0	|	581	|	Keen-Eye
0	|	581	|	Big-Pecks
1	|	581	|	Hydration
0	|	582	|	Ice-Body
0	|	582	|	Snow-Cloak
1	|	582	|	Weak-Armor
0	|	583	|	Ice-Body
0	|	583	|	Snow-Cloak
1	|	583	|	Weak-Armor
0	|	584	|	Ice-Body
0	|	584	|	Snow-Warning
1	|	584	|	Weak-Armor
0	|	585	|	Chlorophyll
0	|	585	|	Sap-Sipper
1	|	585	|	Serene-Grace
0	|	586	|	Chlorophyll
0	|	586	|	Sap-Sipper
1	|	586	|	Serene-Grace
0	|	587	|	Static
1	|	587	|	Motor-Drive
0	|	588	|	Swarm
0	|	588	|	Shed-Skin
1	|	588	|	No-Guard
0	|	589	|	Swarm
0	|	589	|	Shell-Armor
1	|	589	|	Overcoat
0	|	590	|	Effect-Spore
1	|	590	|	Regenerator
0	|	591	|	Effect-Spore
1	|	591	|	Regenerator
0	|	592	|	Water-Absorb
0	|	592	|	Cursed-Body
1	|	592	|	Damp
0	|	593	|	Water-Absorb
0	|	593	|	Cursed-Body
1	|	593	|	Damp
0	|	594	|	Healer
0	|	594	|	Hydration
1	|	594	|	Regenerator
0	|	595	|	Compound-Eyes
0	|	595	|	Unnerve
1	|	595	|	Swarm
0	|	596	|	Compound-Eyes
0	|	596	|	Unnerve
1	|	596	|	Swarm
0	|	597	|	Iron-Barbs
0	|	598	|	Iron-Barbs
1	|	598	|	Anticipation
0	|	599	|	Plus
0	|	599	|	Minus
1	|	599	|	Clear-Body
0	|	600	|	Plus
0	|	600	|	Minus
1	|	600	|	Clear-Body
0	|	601	|	Plus
0	|	601	|	Minus
1	|	601	|	Clear-Body
0	|	602	|	Levitate
0	|	603	|	Levitate
0	|	604	|	Levitate
0	|	605	|	Telepathy
0	|	605	|	Synchronize
1	|	605	|	Analytic
0	|	606	|	Telepathy
0	|	606	|	Synchronize
1	|	606	|	Analytic
0	|	607	|	Flash-Fire
0	|	607	|	Flame-Body
1	|	607	|	Infiltrator
0	|	608	|	Flash-Fire
0	|	608	|	Flame-Body
1	|	608	|	Infiltrator
0	|	609	|	Flash-Fire
0	|	609	|	Flame-Body
1	|	609	|	Infiltrator
0	|	610	|	Rivalry
0	|	610	|	Mold-Breaker
1	|	610	|	Unnerve
0	|	611	|	Rivalry
0	|	611	|	Mold-Breaker
1	|	611	|	Unnerve
0	|	612	|	Rivalry
0	|	612	|	Mold-Breaker
1	|	612	|	Unnerve
0	|	613	|	Snow-Cloak
0	|	613	|	Slush-Rush
1	|	613	|	Rattled
0	|	614	|	Snow-Cloak
0	|	614	|	Slush-Rush
1	|	614	|	Swift-Swim
0	|	615	|	Levitate
0	|	616	|	Hydration
0	|	616	|	Shell-Armor
1	|	616	|	Overcoat
0	|	617	|	Hydration
0	|	617	|	Sticky-Hold
1	|	617	|	Unburden
0	|	618	|	Static
0	|	618	|	Limber
1	|	618	|	Sand-Veil
0	|	619	|	Inner-Focus
0	|	619	|	Regenerator
1	|	619	|	Reckless
0	|	620	|	Inner-Focus
0	|	620	|	Regenerator
1	|	620	|	Reckless
0	|	621	|	Rough-Skin
0	|	621	|	Sheer-Force
1	|	621	|	Mold-Breaker
0	|	622	|	Iron-Fist
0	|	622	|	Klutz
1	|	622	|	No-Guard
0	|	623	|	Iron-Fist
0	|	623	|	Klutz
1	|	623	|	No-Guard
0	|	624	|	Defiant
0	|	624	|	Inner-Focus
1	|	624	|	Pressure
0	|	625	|	Defiant
0	|	625	|	Inner-Focus
1	|	625	|	Pressure
0	|	626	|	Reckless
0	|	626	|	Sap-Sipper
1	|	626	|	Soundproof
0	|	627	|	Keen-Eye
0	|	627	|	Sheer-Force
1	|	627	|	Hustle
0	|	628	|	Keen-Eye
0	|	628	|	Sheer-Force
1	|	628	|	Defiant
0	|	629	|	Big-Pecks
0	|	629	|	Overcoat
1	|	629	|	Weak-Armor
0	|	630	|	Big-Pecks
0	|	630	|	Overcoat
1	|	630	|	Weak-Armor
0	|	631	|	Gluttony
0	|	631	|	Flash-Fire
1	|	631	|	White-Smoke
0	|	632	|	Swarm
0	|	632	|	Hustle
1	|	632	|	Truant
0	|	633	|	Hustle
0	|	634	|	Hustle
0	|	635	|	Levitate
0	|	636	|	Flame-Body
1	|	636	|	Swarm
0	|	637	|	Flame-Body
1	|	637	|	Swarm
0	|	638	|	Justified
0	|	639	|	Justified
0	|	640	|	Justified
0	|	641	|	Prankster
1	|	641	|	Defiant
0	|	642	|	Prankster
1	|	642	|	Defiant
0	|	643	|	Turboblaze
0	|	644	|	Teravolt
0	|	645	|	Sand-Force
1	|	645	|	Sheer-Force
0	|	646	|	Pressure
0	|	647	|	Justified
0	|	648	|	Serene-Grace
0	|	649	|	Download
0	|	650	|	Overgrow
1	|	650	|	Bulletproof
0	|	651	|	Overgrow
1	|	651	|	Bulletproof
0	|	652	|	Overgrow
1	|	652	|	Bulletproof
0	|	653	|	Blaze
1	|	653	|	Magician
0	|	654	|	Blaze
1	|	654	|	Magician
0	|	655	|	Blaze
1	|	655	|	Magician
0	|	656	|	Torrent
1	|	656	|	Protean
0	|	657	|	Torrent
1	|	657	|	Protean
0	|	658	|	Torrent
1	|	658	|	Protean
0	|	659	|	Pickup
0	|	659	|	Cheek-Pouch
1	|	659	|	Huge-Power
0	|	660	|	Pickup
0	|	660	|	Cheek-Pouch
1	|	660	|	Huge-Power
0	|	661	|	Big-Pecks
1	|	661	|	Gale-Wings
0	|	662	|	Flame-Body
1	|	662	|	Gale-Wings
0	|	663	|	Flame-Body
1	|	663	|	Gale-Wings
0	|	664	|	Shield-Dust
0	|	664	|	Compound-Eyes
1	|	664	|	Friend-Guard
0	|	665	|	Shed-Skin
1	|	665	|	Friend-Guard
0	|	666	|	Shield-Dust
0	|	666	|	Compound-Eyes
1	|	666	|	Friend-Guard
0	|	667	|	Rivalry
0	|	667	|	Unnerve
1	|	667	|	Moxie
0	|	668	|	Rivalry
0	|	668	|	Unnerve
1	|	668	|	Moxie
0	|	669	|	Flower-Veil
1	|	669	|	Symbiosis
0	|	670	|	Flower-Veil
1	|	670	|	Symbiosis
0	|	671	|	Flower-Veil
1	|	671	|	Symbiosis
0	|	672	|	Sap-Sipper
1	|	672	|	Grass-Pelt
0	|	673	|	Sap-Sipper
1	|	673	|	Grass-Pelt
0	|	674	|	Iron-Fist
0	|	674	|	Mold-Breaker
1	|	674	|	Scrappy
0	|	675	|	Iron-Fist
0	|	675	|	Mold-Breaker
1	|	675	|	Scrappy
0	|	676	|	Fur-Coat
0	|	677	|	Keen-Eye
0	|	677	|	Infiltrator
1	|	677	|	Own-Tempo
0	|	678	|	Keen-Eye
0	|	678	|	Infiltrator
1	|	678	|	Prankster
0	|	679	|	No-Guard
0	|	680	|	No-Guard
0	|	681	|	Stance-Change
0	|	682	|	Healer
1	|	682	|	Aroma-Veil
0	|	683	|	Healer
1	|	683	|	Aroma-Veil
0	|	684	|	Sweet-Veil
1	|	684	|	Unburden
0	|	685	|	Sweet-Veil
1	|	685	|	Unburden
0	|	686	|	Contrary
0	|	686	|	Suction-Cups
1	|	686	|	Infiltrator
0	|	687	|	Contrary
0	|	687	|	Suction-Cups
1	|	687	|	Infiltrator
0	|	688	|	Tough-Claws
0	|	688	|	Sniper
1	|	688	|	Pickpocket
0	|	689	|	Tough-Claws
0	|	689	|	Sniper
1	|	689	|	Pickpocket
0	|	690	|	Poison-Point
0	|	690	|	Poison-Touch
1	|	690	|	Adaptability
0	|	691	|	Poison-Point
0	|	691	|	Poison-Touch
1	|	691	|	Adaptability
0	|	692	|	Mega-Launcher
0	|	693	|	Mega-Launcher
0	|	694	|	Dry-Skin
0	|	694	|	Sand-Veil
1	|	694	|	Solar-Power
0	|	695	|	Dry-Skin
0	|	695	|	Sand-Veil
1	|	695	|	Solar-Power
0	|	696	|	Strong-Jaw
1	|	696	|	Sturdy
0	|	697	|	Strong-Jaw
1	|	697	|	Rock-Head
0	|	698	|	Refrigerate
1	|	698	|	Snow-Warning
0	|	699	|	Refrigerate
1	|	699	|	Snow-Warning
0	|	700	|	Cute-Charm
1	|	700	|	Pixilate
0	|	701	|	Limber
0	|	701	|	Unburden
1	|	701	|	Mold-Breaker
0	|	702	|	Cheek-Pouch
0	|	702	|	Pickup
1	|	702	|	Plus
0	|	703	|	Clear-Body
1	|	703	|	Sturdy
0	|	704	|	Sap-Sipper
0	|	704	|	Hydration
1	|	704	|	Gooey
0	|	705	|	Sap-Sipper
0	|	705	|	Hydration
1	|	705	|	Gooey
0	|	706	|	Sap-Sipper
0	|	706	|	Hydration
1	|	706	|	Gooey
0	|	707	|	Prankster
1	|	707	|	Magician
0	|	708	|	Natural-Cure
0	|	708	|	Frisk
1	|	708	|	Harvest
0	|	709	|	Natural-Cure
0	|	709	|	Frisk
1	|	709	|	Harvest
0	|	710	|	Pickup
0	|	710	|	Frisk
1	|	710	|	Insomnia
0	|	711	|	Pickup
0	|	711	|	Frisk
1	|	711	|	Insomnia
0	|	712	|	Own-Tempo
0	|	712	|	Ice-Body
1	|	712	|	Sturdy
0	|	713	|	Own-Tempo
0	|	713	|	Ice-Body
1	|	713	|	Sturdy
0	|	714	|	Frisk
0	|	714	|	Infiltrator
1	|	714	|	Telepathy
0	|	715	|	Frisk
0	|	715	|	Infiltrator
1	|	715	|	Telepathy
0	|	716	|	Fairy-Aura
0	|	717	|	Dark-Aura
0	|	718	|	Aura-Break
0	|	719	|	Clear-Body
0	|	720	|	Magician
0	|	721	|	Water-Absorb
0	|	722	|	Overgrow
1	|	722	|	Long-Reach
0	|	723	|	Overgrow
1	|	723	|	Long-Reach
0	|	724	|	Overgrow
1	|	724	|	Long-Reach
0	|	725	|	Blaze
1	|	725	|	Intimidate
0	|	726	|	Blaze
1	|	726	|	Intimidate
0	|	727	|	Blaze
1	|	727	|	Intimidate
0	|	728	|	Torrent
1	|	728	|	Liquid-Voice
0	|	729	|	Torrent
1	|	729	|	Liquid-Voice
0	|	730	|	Torrent
1	|	730	|	Liquid-Voice
0	|	731	|	Keen-Eye
0	|	731	|	Skill-Link
1	|	731	|	Pickup
0	|	732	|	Keen-Eye
0	|	732	|	Skill-Link
1	|	732	|	Pickup
0	|	733	|	Keen-Eye
0	|	733	|	Skill-Link
1	|	733	|	Sheer-Force
0	|	734	|	Stakeout
0	|	734	|	Strong-Jaw
1	|	734	|	Adaptability
0	|	735	|	Stakeout
0	|	735	|	Strong-Jaw
1	|	735	|	Adaptability
0	|	736	|	Swarm
0	|	737	|	Battery
0	|	738	|	Levitate
0	|	739	|	Hyper-Cutter
0	|	739	|	Iron-Fist
1	|	739	|	Anger-Point
0	|	740	|	Hyper-Cutter
0	|	740	|	Iron-Fist
1	|	740	|	Anger-Point
0	|	741	|	Dancer
0	|	742	|	Honey-Gather
0	|	742	|	Shield-Dust
1	|	742	|	Sweet-Veil
0	|	743	|	Honey-Gather
0	|	743	|	Shield-Dust
1	|	743	|	Sweet-Veil
0	|	744	|	Keen-Eye
0	|	744	|	Vital-Spirit
1	|	744	|	Steadfast
0	|	745	|	Keen-Eye
0	|	745	|	Sand-Rush
1	|	745	|	Steadfast
0	|	746	|	Schooling
0	|	747	|	Merciless
0	|	747	|	Limber
1	|	747	|	Regenerator
0	|	748	|	Merciless
0	|	748	|	Limber
1	|	748	|	Regenerator
0	|	749	|	Own-Tempo
0	|	749	|	Stamina
1	|	749	|	Inner-Focus
0	|	750	|	Own-Tempo
0	|	750	|	Stamina
1	|	750	|	Inner-Focus
0	|	751	|	Water-Bubble
1	|	751	|	Water-Absorb
0	|	752	|	Water-Bubble
1	|	752	|	Water-Absorb
0	|	753	|	Leaf-Guard
1	|	753	|	Contrary
0	|	754	|	Leaf-Guard
1	|	754	|	Contrary
0	|	755	|	Illuminate
0	|	755	|	Effect-Spore
1	|	755	|	Rain-Dish
0	|	756	|	Illuminate
0	|	756	|	Effect-Spore
1	|	756	|	Rain-Dish
0	|	757	|	Corrosion
1	|	757	|	Oblivious
0	|	758	|	Corrosion
1	|	758	|	Oblivious
0	|	759	|	Fluffy
0	|	759	|	Klutz
1	|	759	|	Cute-Charm
0	|	760	|	Fluffy
0	|	760	|	Klutz
1	|	760	|	Unnerve
0	|	761	|	Leaf-Guard
0	|	761	|	Oblivious
1	|	761	|	Sweet-Veil
0	|	762	|	Leaf-Guard
0	|	762	|	Oblivious
1	|	762	|	Sweet-Veil
0	|	763	|	Leaf-Guard
0	|	763	|	Queenly-Majesty
1	|	763	|	Sweet-Veil
0	|	764	|	Flower-Veil
0	|	764	|	Triage
1	|	764	|	Natural-Cure
0	|	765	|	Inner-Focus
0	|	765	|	Telepathy
1	|	765	|	Symbiosis
0	|	766	|	Receiver
1	|	766	|	Defiant
0	|	767	|	Wimp-Out
0	|	768	|	Emergency-Exit
0	|	769	|	Water-Compaction
1	|	769	|	Sand-Veil
0	|	770	|	Water-Compaction
1	|	770	|	Sand-Veil
0	|	771	|	Innards-Out
1	|	771	|	Unaware
0	|	772	|	Battle-Armor
0	|	773	|	Rks-System
0	|	774	|	Shields-Down
0	|	775	|	Comatose
0	|	776	|	Shell-Armor
0	|	777	|	Iron-Barbs
0	|	777	|	Lightning-Rod
1	|	777	|	Sturdy
0	|	778	|	Disguise
0	|	779	|	Dazzling
0	|	779	|	Strong-Jaw
1	|	779	|	Wonder-Skin
0	|	780	|	Berserk
0	|	780	|	Sap-Sipper
1	|	780	|	Cloud-Nine
0	|	781	|	Steelworker
0	|	782	|	Bulletproof
0	|	782	|	Soundproof
1	|	782	|	Overcoat
0	|	783	|	Bulletproof
0	|	783	|	Soundproof
1	|	783	|	Overcoat
0	|	784	|	Bulletproof
0	|	784	|	Soundproof
1	|	784	|	Overcoat
0	|	785	|	Electric-Surge
1	|	785	|	Telepathy
0	|	786	|	Psychic-Surge
1	|	786	|	Telepathy
0	|	787	|	Grassy-Surge
1	|	787	|	Telepathy
0	|	788	|	Misty-Surge
1	|	788	|	Telepathy
0	|	789	|	Unaware
0	|	790	|	Sturdy
0	|	791	|	Full-Metal-Body
0	|	792	|	Shadow-Shield
0	|	793	|	Beast-Boost
0	|	794	|	Beast-Boost
0	|	795	|	Beast-Boost
0	|	796	|	Beast-Boost
0	|	797	|	Beast-Boost
0	|	798	|	Beast-Boost
0	|	799	|	Beast-Boost
0	|	800	|	Prism-Armor
0	|	801	|	Soul-Heart
0	|	802	|	Technician
0	|	803	|	Beast-Boost
0	|	804	|	Beast-Boost
0	|	805	|	Beast-Boost
0	|	806	|	Beast-Boost
0	|	807	|	Volt-Absorb
0	|	808	|	Magnet-Pull
0	|	809	|	Iron-Fist
0	|	810	|	Overgrow
1	|	810	|	Grassy-Surge
0	|	811	|	Overgrow
1	|	811	|	Grassy-Surge
0	|	812	|	Overgrow
1	|	812	|	Grassy-Surge
0	|	813	|	Blaze
1	|	813	|	Libero
0	|	814	|	Blaze
1	|	814	|	Libero
0	|	815	|	Blaze
1	|	815	|	Libero
0	|	816	|	Torrent
1	|	816	|	Sniper
0	|	817	|	Torrent
1	|	817	|	Sniper
0	|	818	|	Torrent
1	|	818	|	Sniper
0	|	819	|	Cheek-Pouch
1	|	819	|	Gluttony
0	|	820	|	Cheek-Pouch
1	|	820	|	Gluttony
0	|	821	|	Keen-Eye
0	|	821	|	Unnerve
1	|	821	|	Big-Pecks
0	|	822	|	Keen-Eye
0	|	822	|	Unnerve
1	|	822	|	Big-Pecks
0	|	823	|	Pressure
0	|	823	|	Unnerve
1	|	823	|	Mirror-Armor
0	|	824	|	Swarm
0	|	824	|	Compound-Eyes
1	|	824	|	Telepathy
0	|	825	|	Swarm
0	|	825	|	Compound-Eyes
1	|	825	|	Telepathy
0	|	826	|	Swarm
0	|	826	|	Frisk
1	|	826	|	Telepathy
0	|	827	|	Run-Away
0	|	827	|	Unburden
1	|	827	|	Stakeout
0	|	828	|	Run-Away
0	|	828	|	Unburden
1	|	828	|	Stakeout
0	|	829	|	Cotton-Down
0	|	829	|	Regenerator
1	|	829	|	Effect-Spore
0	|	830	|	Cotton-Down
0	|	830	|	Regenerator
1	|	830	|	Effect-Spore
0	|	831	|	Fluffy
0	|	831	|	Run-Away
1	|	831	|	Bulletproof
0	|	832	|	Fluffy
0	|	832	|	Steadfast
1	|	832	|	Bulletproof
0	|	833	|	Strong-Jaw
0	|	833	|	Shell-Armor
1	|	833	|	Swift-Swim
0	|	834	|	Strong-Jaw
0	|	834	|	Shell-Armor
1	|	834	|	Swift-Swim
0	|	835	|	Ball-Fetch
1	|	835	|	Rattled
0	|	836	|	Strong-Jaw
1	|	836	|	Competitive
0	|	837	|	Steam-Engine
0	|	837	|	Heatproof
1	|	837	|	Flash-Fire
0	|	838	|	Steam-Engine
0	|	838	|	Flame-Body
1	|	838	|	Flash-Fire
0	|	839	|	Steam-Engine
0	|	839	|	Flame-Body
1	|	839	|	Flash-Fire
0	|	840	|	Ripen
0	|	840	|	Gluttony
1	|	840	|	Bulletproof
0	|	841	|	Ripen
0	|	841	|	Gluttony
1	|	841	|	Hustle
0	|	842	|	Ripen
0	|	842	|	Gluttony
1	|	842	|	Thick-Fat
0	|	843	|	Sand-Spit
0	|	843	|	Shed-Skin
1	|	843	|	Sand-Veil
0	|	844	|	Sand-Spit
0	|	844	|	Shed-Skin
1	|	844	|	Sand-Veil
0	|	845	|	Gulp-Missile
0	|	846	|	Swift-Swim
1	|	846	|	Propeller-Tail
0	|	847	|	Swift-Swim
1	|	847	|	Propeller-Tail
0	|	848	|	Rattled
0	|	848	|	Static
1	|	848	|	Klutz
0	|	849	|	Punk-Rock
0	|	849	|	Plus
1	|	849	|	Technician
0	|	850	|	Flash-Fire
0	|	850	|	White-Smoke
1	|	850	|	Flame-Body
0	|	851	|	Flash-Fire
0	|	851	|	White-Smoke
1	|	851	|	Flame-Body
0	|	852	|	Limber
1	|	852	|	Technician
0	|	853	|	Limber
1	|	853	|	Technician
0	|	854	|	Weak-Armor
1	|	854	|	Cursed-Body
0	|	855	|	Weak-Armor
1	|	855	|	Cursed-Body
0	|	856	|	Healer
0	|	856	|	Anticipation
1	|	856	|	Magic-Bounce
0	|	857	|	Healer
0	|	857	|	Anticipation
1	|	857	|	Magic-Bounce
0	|	858	|	Healer
0	|	858	|	Anticipation
1	|	858	|	Magic-Bounce
0	|	859	|	Prankster
0	|	859	|	Frisk
1	|	859	|	Pickpocket
0	|	860	|	Prankster
0	|	860	|	Frisk
1	|	860	|	Pickpocket
0	|	861	|	Prankster
0	|	861	|	Frisk
1	|	861	|	Pickpocket
0	|	862	|	Reckless
0	|	862	|	Guts
1	|	862	|	Defiant
0	|	863	|	Battle-Armor
0	|	863	|	Tough-Claws
1	|	863	|	Steely-Spirit
0	|	864	|	Weak-Armor
1	|	864	|	Perish-Body
0	|	865	|	Steadfast
1	|	865	|	Scrappy
0	|	866	|	Tangled-Feet
0	|	866	|	Screen-Cleaner
1	|	866	|	Ice-Body
0	|	867	|	Wandering-Spirit
0	|	868	|	Sweet-Veil
1	|	868	|	Aroma-Veil
0	|	869	|	Sweet-Veil
1	|	869	|	Aroma-Veil
0	|	870	|	Battle-Armor
1	|	870	|	Defiant
0	|	871	|	Lightning-Rod
1	|	871	|	Electric-Surge
0	|	872	|	Shield-Dust
1	|	872	|	Ice-Scales
0	|	873	|	Shield-Dust
1	|	873	|	Ice-Scales
0	|	874	|	Power-Spot
0	|	875	|	Ice-Face
0	|	876	|	Inner-Focus
0	|	876	|	Synchronize
1	|	876	|	Psychic-Surge
0	|	877	|	Hunger-Switch
0	|	878	|	Sheer-Force
1	|	878	|	Heavy-Metal
0	|	879	|	Sheer-Force
1	|	879	|	Heavy-Metal
0	|	880	|	Volt-Absorb
0	|	880	|	Hustle
1	|	880	|	Sand-Rush
0	|	881	|	Volt-Absorb
0	|	881	|	Static
1	|	881	|	Slush-Rush
0	|	882	|	Water-Absorb
0	|	882	|	Strong-Jaw
1	|	882	|	Sand-Rush
0	|	883	|	Water-Absorb
0	|	883	|	Ice-Body
1	|	883	|	Slush-Rush
0	|	884	|	Light-Metal
0	|	884	|	Heavy-Metal
1	|	884	|	Stalwart
0	|	885	|	Clear-Body
0	|	885	|	Infiltrator
1	|	885	|	Cursed-Body
0	|	886	|	Clear-Body
0	|	886	|	Infiltrator
1	|	886	|	Cursed-Body
0	|	887	|	Clear-Body
0	|	887	|	Infiltrator
1	|	887	|	Cursed-Body
0	|	888	|	Intrepid-Sword
0	|	889	|	Dauntless-Shield
0	|	890	|	Pressure
0	|	891	|	Inner-Focus
0	|	892	|	Unseen-Fist
0	|	893	|	Leaf-Guard
0	|	894	|	Transistor
0	|	895	|	Dragons-Maw
0	|	896	|	Chilling-Neigh
0	|	897	|	Grim-Neigh
0	|	898	|	Unnerve
0	|	899	|	Intimidate
0	|	899	|	Frisk
1	|	899	|	Sap-Sipper
0	|	900	|	Swarm
0	|	900	|	Sheer-Force
1	|	900	|	Sharpness
0	|	901	|	Guts
0	|	901	|	Bulletproof
1	|	901	|	Unnerve
0	|	902	|	Swift-Swim
0	|	902	|	Adaptability
1	|	902	|	Mold-Breaker
0	|	903	|	Pressure
0	|	903	|	Unburden
1	|	903	|	Poison-Touch
0	|	904	|	Poison-Point
0	|	904	|	Swift-Swim
1	|	904	|	Intimidate
0	|	905	|	Cute-Charm
1	|	905	|	Contrary
0	|	906	|	Overgrow
1	|	906	|	Protean
0	|	907	|	Overgrow
1	|	907	|	Protean
0	|	908	|	Overgrow
1	|	908	|	Protean
0	|	909	|	Blaze
1	|	909	|	Unaware
0	|	910	|	Blaze
1	|	910	|	Unaware
0	|	911	|	Blaze
1	|	911	|	Unaware
0	|	912	|	Torrent
1	|	912	|	Moxie
0	|	913	|	Torrent
1	|	913	|	Moxie
0	|	914	|	Torrent
1	|	914	|	Moxie
0	|	915	|	Aroma-Veil
0	|	915	|	Gluttony
1	|	915	|	Thick-Fat
0	|	916	|	Lingering-Aroma
0	|	916	|	Gluttony
1	|	916	|	Thick-Fat
0	|	917	|	Insomnia
1	|	917	|	Stakeout
0	|	918	|	Insomnia
1	|	918	|	Stakeout
0	|	919	|	Swarm
1	|	919	|	Tinted-Lens
0	|	920	|	Swarm
1	|	920	|	Tinted-Lens
0	|	921	|	Static
0	|	921	|	Natural-Cure
1	|	921	|	Iron-Fist
0	|	922	|	Volt-Absorb
0	|	922	|	Natural-Cure
1	|	922	|	Iron-Fist
0	|	923	|	Volt-Absorb
0	|	923	|	Natural-Cure
1	|	923	|	Iron-Fist
0	|	924	|	Run-Away
0	|	924	|	Pickup
1	|	924	|	Own-Tempo
0	|	925	|	Friend-Guard
0	|	925	|	Cheek-Pouch
1	|	925	|	Technician
0	|	926	|	Own-Tempo
1	|	926	|	Klutz
0	|	927	|	Well-Baked-Body
1	|	927	|	Aroma-Veil
0	|	928	|	Early-Bird
1	|	928	|	Harvest
0	|	929	|	Early-Bird
1	|	929	|	Harvest
0	|	930	|	Seed-Sower
1	|	930	|	Harvest
0	|	931	|	Intimidate
0	|	931	|	Hustle
1	|	931	|	Guts
0	|	932	|	Purifying-Salt
0	|	932	|	Sturdy
1	|	932	|	Clear-Body
0	|	933	|	Purifying-Salt
0	|	933	|	Sturdy
1	|	933	|	Clear-Body
0	|	934	|	Purifying-Salt
0	|	934	|	Sturdy
1	|	934	|	Clear-Body
0	|	935	|	Flash-Fire
1	|	935	|	Flame-Body
0	|	936	|	Flash-Fire
1	|	936	|	Weak-Armor
0	|	937	|	Flash-Fire
1	|	937	|	Weak-Armor
0	|	938	|	Own-Tempo
0	|	938	|	Static
1	|	938	|	Damp
0	|	939	|	Electromorphosis
0	|	939	|	Static
1	|	939	|	Damp
0	|	940	|	Wind-Power
0	|	940	|	Volt-Absorb
1	|	940	|	Competitive
0	|	941	|	Wind-Power
0	|	941	|	Volt-Absorb
1	|	941	|	Competitive
0	|	942	|	Intimidate
0	|	942	|	Run-Away
1	|	942	|	Stakeout
0	|	943	|	Intimidate
0	|	943	|	Guard-Dog
1	|	943	|	Stakeout
0	|	944	|	Unburden
0	|	944	|	Pickpocket
1	|	944	|	Prankster
0	|	945	|	Unburden
0	|	945	|	Poison-Touch
1	|	945	|	Prankster
0	|	946	|	Wind-Rider
1	|	946	|	Infiltrator
0	|	947	|	Wind-Rider
1	|	947	|	Infiltrator
0	|	948	|	Mycelium-Might
1	|	948	|	Mycelium-Might
0	|	949	|	Mycelium-Might
1	|	949	|	Mycelium-Might
0	|	950	|	Anger-Shell
0	|	950	|	Shell-Armor
1	|	950	|	Regenerator
0	|	951	|	Chlorophyll
0	|	951	|	Insomnia
1	|	951	|	Klutz
0	|	952	|	Chlorophyll
0	|	952	|	Insomnia
1	|	952	|	Moody
0	|	953	|	Compound-Eyes
1	|	953	|	Shed-Skin
0	|	954	|	Synchronize
1	|	954	|	Telepathy
0	|	955	|	Anticipation
0	|	955	|	Frisk
1	|	955	|	Speed-Boost
0	|	956	|	Opportunist
0	|	956	|	Frisk
1	|	956	|	Speed-Boost
0	|	957	|	Mold-Breaker
0	|	957	|	Own-Tempo
1	|	957	|	Pickpocket
0	|	958	|	Mold-Breaker
0	|	958	|	Own-Tempo
1	|	958	|	Pickpocket
0	|	959	|	Mold-Breaker
0	|	959	|	Own-Tempo
1	|	959	|	Pickpocket
0	|	960	|	Gooey
0	|	960	|	Rattled
1	|	960	|	Sand-Veil
0	|	961	|	Gooey
0	|	961	|	Rattled
1	|	961	|	Sand-Veil
0	|	962	|	Big-Pecks
0	|	962	|	Keen-Eye
1	|	962	|	Rocky-Payload
0	|	963	|	Water-Veil
1	|	963	|	Water-Veil
0	|	964	|	Zero-To-Hero
1	|	964	|	Zero-To-Hero
0	|	965	|	Overcoat
1	|	965	|	Slow-Start
0	|	966	|	Overcoat
1	|	966	|	Filter
0	|	967	|	Shed-Skin
1	|	967	|	Regenerator
0	|	968	|	Earth-Eater
1	|	968	|	Sand-Veil
0	|	969	|	Toxic-Debris
1	|	969	|	Corrosion
0	|	970	|	Toxic-Debris
1	|	970	|	Corrosion
0	|	971	|	Pickup
1	|	971	|	Fluffy
0	|	972	|	Sand-Rush
1	|	972	|	Fluffy
0	|	973	|	Scrappy
0	|	973	|	Tangled-Feet
1	|	973	|	Costar
0	|	974	|	Thick-Fat
0	|	974	|	Snow-Cloak
1	|	974	|	Sheer-Force
0	|	975	|	Thick-Fat
0	|	975	|	Slush-Rush
1	|	975	|	Sheer-Force
0	|	976	|	Mold-Breaker
1	|	976	|	Sharpness
0	|	977	|	Unaware
0	|	977	|	Oblivious
1	|	977	|	Water-Veil
0	|	978	|	Commander
1	|	978	|	Storm-Drain
0	|	979	|	Vital-Spirit
0	|	979	|	Inner-Focus
1	|	979	|	Defiant
0	|	980	|	Poison-Point
0	|	980	|	Water-Absorb
1	|	980	|	Unaware
0	|	981	|	Cud-Chew
0	|	981	|	Armor-Tail
1	|	981	|	Sap-Sipper
0	|	982	|	Serene-Grace
0	|	982	|	Run-Away
1	|	982	|	Rattled
0	|	983	|	Defiant
0	|	983	|	Supreme-Overlord
1	|	983	|	Pressure
0	|	984	|	Protosynthesis
1	|	984	|	Protosynthesis
0	|	985	|	Protosynthesis
1	|	985	|	Protosynthesis
0	|	986	|	Protosynthesis
1	|	986	|	Protosynthesis
0	|	987	|	Protosynthesis
1	|	987	|	Protosynthesis
0	|	988	|	Protosynthesis
1	|	988	|	Protosynthesis
0	|	989	|	Protosynthesis
1	|	989	|	Protosynthesis
0	|	990	|	Quark-Drive
1	|	990	|	Quark-Drive
0	|	991	|	Quark-Drive
1	|	991	|	Quark-Drive
0	|	992	|	Quark-Drive
1	|	992	|	Quark-Drive
0	|	993	|	Quark-Drive
1	|	993	|	Quark-Drive
0	|	994	|	Quark-Drive
1	|	994	|	Quark-Drive
0	|	995	|	Quark-Drive
1	|	995	|	Quark-Drive
0	|	996	|	Thermal-Exchange
1	|	996	|	Ice-Body
0	|	997	|	Thermal-Exchange
1	|	997	|	Ice-Body
0	|	998	|	Thermal-Exchange
1	|	998	|	Ice-Body
0	|	999	|	Rattled
1	|	999	|	Rattled
0	|	1000	|	Good-As-Gold
1	|	1000	|	Good-As-Gold
0	|	1001	|	Tablets-Of-Ruin
1	|	1001	|	Tablets-Of-Ruin
0	|	1002	|	Sword-Of-Ruin
1	|	1002	|	Sword-Of-Ruin
0	|	1003	|	Vessel-Of-Ruin
1	|	1003	|	Vessel-Of-Ruin
0	|	1004	|	Beads-Of-Ruin
1	|	1004	|	Beads-Of-Ruin
0	|	1005	|	Protosynthesis
1	|	1005	|	Protosynthesis
0	|	1006	|	Quark-Drive
1	|	1006	|	Quark-Drive
0	|	1007	|	Orichalcum-Pulse
1	|	1007	|	Orichalcum-Pulse
0	|	1008	|	Hadron-Engine
1	|	1008	|	Hadron-Engine
0	|	1009	|	Protosynthesis
1	|	1009	|	Protosynthesis
0	|	1010	|	Quark-Drive
1	|	1010	|	Quark-Drive
0	|	1011	|	Supersweet-Syrup
0	|	1011	|	Gluttony
1	|	1011	|	Sticky-Hold
0	|	1012	|	Hospitality
1	|	1012	|	Heatproof
0	|	1013	|	Hospitality
1	|	1013	|	Heatproof
0	|	1014	|	Toxic-Chain
1	|	1014	|	Guard-Dog
0	|	1015	|	Toxic-Chain
1	|	1015	|	Frisk
0	|	1016	|	Toxic-Chain
1	|	1016	|	Technician
0	|	1017	|	Defiant
0	|	1018	|	Stamina
0	|	1018	|	Sturdy
1	|	1018	|	Stalwart
0	|	1019	|	Supersweet-Syrup
0	|	1019	|	Regenerator
1	|	1019	|	Sticky-Hold
0	|	1020	|	Protosynthesis
0	|	1021	|	Protosynthesis
0	|	1022	|	Quark-Drive
0	|	1023	|	Quark-Drive
0	|	1024	|	Tera-Shift
0	|	1025	|	Poison-Puppeteer